{"assets/images/main/akses.png":["assets/images/main/akses.png"],"assets/images/main/data%20master.png":["assets/images/main/data%20master.png"],"assets/images/main/lab.png":["assets/images/main/lab.png"],"assets/images/main/panduan.png":["assets/images/main/panduan.png"],"assets/images/main/radiologi.png":["assets/images/main/radiologi.png"],"assets/images/menu/akses/Database.png":["assets/images/menu/akses/Database.png"],"assets/images/menu/akses/Ganti%20Password.png":["assets/images/menu/akses/Ganti%20Password.png"],"assets/images/menu/akses/Keluar.png":["assets/images/menu/akses/Keluar.png"],"assets/images/menu/akses/Level%20Pengguna.png":["assets/images/menu/akses/Level%20Pengguna.png"],"assets/images/menu/akses/Login.png":["assets/images/menu/akses/Login.png"],"assets/images/menu/akses/Login_.png":["assets/images/menu/akses/Login_.png"],"assets/images/menu/akses/Logout.png":["assets/images/menu/akses/Logout.png"],"assets/images/menu/akses/Pengguna.png":["assets/images/menu/akses/Pengguna.png"],"assets/images/menu/akses/Program.png":["assets/images/menu/akses/Program.png"],"assets/images/menu/data/Jabatan.png":["assets/images/menu/data/Jabatan.png"],"assets/images/menu/data/Karyawan.png":["assets/images/menu/data/Karyawan.png"],"assets/images/menu/ekg/data%20pemeriksaan.png":["assets/images/menu/ekg/data%20pemeriksaan.png"],"assets/images/menu/ekg/film.png":["assets/images/menu/ekg/film.png"],"assets/images/menu/ekg/group.png":["assets/images/menu/ekg/group.png"],"assets/images/menu/ekg/item%20test.png":["assets/images/menu/ekg/item%20test.png"],"assets/images/menu/ekg/pemeriksaan%20pasien.png":["assets/images/menu/ekg/pemeriksaan%20pasien.png"],"assets/images/menu/ekg/sub%20group.png":["assets/images/menu/ekg/sub%20group.png"],"assets/images/menu/lab/data%20item%20test.png":["assets/images/menu/lab/data%20item%20test.png"],"assets/images/menu/lab/data%20pemeriksaan.png":["assets/images/menu/lab/data%20pemeriksaan.png"],"assets/images/menu/lab/group.png":["assets/images/menu/lab/group.png"],"assets/images/menu/lab/laporan%20laboratorium.png":["assets/images/menu/lab/laporan%20laboratorium.png"],"assets/images/menu/lab/pemeriksaan%20pasien.png":["assets/images/menu/lab/pemeriksaan%20pasien.png"],"assets/images/menu/lab/sub%20group.png":["assets/images/menu/lab/sub%20group.png"],"assets/images/menu/panduan/tentang%20program.png":["assets/images/menu/panduan/tentang%20program.png"],"assets/images/menu/radiologi/data%20pemeriksaan.png":["assets/images/menu/radiologi/data%20pemeriksaan.png"],"assets/images/menu/radiologi/film.png":["assets/images/menu/radiologi/film.png"],"assets/images/menu/radiologi/group.png":["assets/images/menu/radiologi/group.png"],"assets/images/menu/radiologi/item%20test.png":["assets/images/menu/radiologi/item%20test.png"],"assets/images/menu/radiologi/laporan%20radiologi.png":["assets/images/menu/radiologi/laporan%20radiologi.png"],"assets/images/menu/radiologi/pemeriksaan%20pasien.png":["assets/images/menu/radiologi/pemeriksaan%20pasien.png"],"assets/images/others/backup%20data.png":["assets/images/others/backup%20data.png"],"assets/images/others/cancel.png":["assets/images/others/cancel.png"],"assets/images/others/date_1.png":["assets/images/others/date_1.png"],"assets/images/others/date_2.png":["assets/images/others/date_2.png"],"assets/images/others/date_3.png":["assets/images/others/date_3.png"],"assets/images/others/filter.png":["assets/images/others/filter.png"],"assets/images/others/hapus%20logo.png":["assets/images/others/hapus%20logo.png"],"assets/images/others/hapus.png":["assets/images/others/hapus.png"],"assets/images/others/ok.png":["assets/images/others/ok.png"],"assets/images/others/pratinjau.png":["assets/images/others/pratinjau.png"],"assets/images/others/refresh.png":["assets/images/others/refresh.png"],"assets/images/others/restore%20data.png":["assets/images/others/restore%20data.png"],"assets/images/others/simpan.png":["assets/images/others/simpan.png"],"assets/images/others/tambah.png":["assets/images/others/tambah.png"],"assets/images/others/test%20koneksi.png":["assets/images/others/test%20koneksi.png"],"assets/images/others/ubah.png":["assets/images/others/ubah.png"],"packages/cupertino_icons/assets/CupertinoIcons.ttf":["packages/cupertino_icons/assets/CupertinoIcons.ttf"]}